event_id,driver_id,round,constructor_id,qualifying_rank,p_B1,p_M1,scored_points
2026-01,russell,1,mercedes,1.0,0.9173,0.8712,1
2026-01,antonelli,1,mercedes,2.0,0.8959,0.8923,1
2026-01,hadjar,1,red_bull,3.0,0.8698,0.8634,0
2026-01,leclerc,1,ferrari,4.0,0.8383,0.8715,1
2026-01,piastri,1,mclaren,5.0,0.801,0.834,0
2026-01,norris,1,mclaren,6.0,0.7575,0.8326,1
2026-01,hamilton,1,ferrari,7.0,0.708,0.6844,1
2026-01,lawson,1,rb,8.0,0.653,0.3374,0
2026-01,arvid_lindblad,1,rb,9.0,0.5936,0.319,1
2026-01,bortoleto,1,audi,10.0,0.5313,0.5559,1
2026-01,hulkenberg,1,audi,11.0,0.468,0.5279,0
2026-01,bearman,1,haas,12.0,0.4058,0.3509,1
2026-01,ocon,1,haas,13.0,0.3464,0.2517,0
2026-01,gasly,1,alpine,14.0,0.2914,0.147,1
2026-01,albon,1,williams,15.0,0.242,0.0476,0
2026-01,colapinto,1,alpine,16.0,0.1986,0.0272,0
2026-01,alonso,1,aston_martin,17.0,0.1613,0.039,0
2026-01,perez,1,cadillac,18.0,0.1299,0.0756,0
2026-01,bottas,1,cadillac,19.0,0.1038,0.0973,0
2026-02,antonelli,2,mercedes,1.0,0.917,0.9255,1
2026-02,russell,2,mercedes,2.0,0.8955,0.9265,1
2026-02,hamilton,2,ferrari,3.0,0.8694,0.8787,1
2026-02,leclerc,2,ferrari,4.0,0.8379,0.8777,1
2026-02,piastri,2,mclaren,5.0,0.8005,0.8249,0
2026-02,norris,2,mclaren,6.0,0.757,0.8678,0
2026-02,gasly,2,alpine,7.0,0.7074,0.5269,1
2026-02,max_verstappen,2,red_bull,8.0,0.6525,0.7702,0
2026-02,hadjar,2,red_bull,9.0,0.5931,0.598,1
2026-02,bearman,2,haas,10.0,0.5309,0.5658,1
2026-02,hulkenberg,2,audi,11.0,0.4677,0.5584,0
2026-02,colapinto,2,alpine,12.0,0.4055,0.0925,1
2026-02,ocon,2,haas,13.0,0.3462,0.328,0
2026-02,lawson,2,rb,14.0,0.2913,0.1317,1
2026-02,arvid_lindblad,2,rb,15.0,0.242,0.1174,0
2026-02,bortoleto,2,audi,16.0,0.1986,0.3076,0
2026-02,sainz,2,williams,17.0,0.1613,0.0552,1
2026-02,alonso,2,aston_martin,19.0,0.1299,0.0453,0
2026-02,bottas,2,cadillac,20.0,0.1039,0.0196,0
2026-02,stroll,2,aston_martin,21.0,0.0826,0.0191,0
2026-02,perez,2,cadillac,22.0,0.0653,0.0332,0
2026-02,albon,2,williams,18.0,0.0515,0.0368,0
2026-03,antonelli,3,mercedes,1.0,0.9166,0.927,1
2026-03,russell,3,mercedes,2.0,0.8952,0.9335,1
2026-03,piastri,3,mclaren,3.0,0.869,0.8673,1
2026-03,leclerc,3,ferrari,4.0,0.8375,0.8742,1
2026-03,norris,3,mclaren,5.0,0.8001,0.7799,1
2026-03,hamilton,3,ferrari,6.0,0.7566,0.792,1
2026-03,gasly,3,alpine,7.0,0.7071,0.6807,1
2026-03,hadjar,3,red_bull,8.0,0.6522,0.6462,0
2026-03,bortoleto,3,audi,9.0,0.5929,0.5835,0
2026-03,arvid_lindblad,3,rb,10.0,0.5308,0.3897,0
2026-03,max_verstappen,3,red_bull,11.0,0.4677,0.6378,1
2026-03,ocon,3,haas,12.0,0.4056,0.3162,1
2026-03,hulkenberg,3,audi,13.0,0.3464,0.2959,0
2026-03,lawson,3,rb,14.0,0.2916,0.29,1
2026-03,colapinto,3,alpine,15.0,0.2423,0.2107,0
2026-03,sainz,3,williams,16.0,0.1989,0.1755,0
2026-03,albon,3,williams,17.0,0.1617,0.0923,0
2026-03,bearman,3,haas,18.0,0.1303,0.1457,0
2026-03,perez,3,cadillac,19.0,0.1042,0.0162,0
2026-03,bottas,3,cadillac,20.0,0.0829,0.0156,0
2026-03,alonso,3,aston_martin,21.0,0.0656,0.0306,0
2026-03,stroll,3,aston_martin,22.0,0.0517,0.02,0
2026-04,antonelli,4,mercedes,1.0,0.9171,0.907,1
2026-04,max_verstappen,4,red_bull,2.0,0.8957,0.8375,1
2026-04,leclerc,4,ferrari,3.0,0.8695,0.8757,1
2026-04,norris,4,mclaren,4.0,0.838,0.8799,1
2026-04,russell,4,mercedes,5.0,0.8006,0.8787,1
2026-04,hamilton,4,ferrari,6.0,0.7571,0.8074,1
2026-04,piastri,4,mclaren,7.0,0.7075,0.8415,1
2026-04,colapinto,4,alpine,8.0,0.6525,0.4901,1
2026-04,gasly,4,alpine,9.0,0.5931,0.5528,0
2026-04,hulkenberg,4,audi,10.0,0.5308,0.5418,0
2026-04,lawson,4,rb,11.0,0.4676,0.2868,0
2026-04,bearman,4,haas,12.0,0.4053,0.5225,0
2026-04,sainz,4,williams,13.0,0.346,0.2269,1
2026-04,ocon,4,haas,14.0,0.2911,0.2279,0
2026-04,albon,4,williams,15.0,0.2417,0.0438,1
2026-04,arvid_lindblad,4,rb,16.0,0.1983,0.0756,0
2026-04,alonso,4,aston_martin,17.0,0.1611,0.1007,0
2026-04,stroll,4,aston_martin,18.0,0.1297,0.0685,0
2026-04,bottas,4,cadillac,19.0,0.1037,0.026,0
2026-04,perez,4,cadillac,20.0,0.0824,0.0322,0
2026-04,bortoleto,4,audi,21.0,0.0652,0.1427,0
2026-04,hadjar,4,red_bull,22.0,0.0513,0.2684,0
2026-05,russell,5,mercedes,1.0,0.9176,0.9339,0
2026-05,antonelli,5,mercedes,2.0,0.8962,0.9176,1
2026-05,norris,5,mclaren,3.0,0.8701,0.8923,0
2026-05,piastri,5,mclaren,4.0,0.8386,0.8885,0
2026-05,hamilton,5,ferrari,5.0,0.8012,0.8242,1
2026-05,max_verstappen,5,red_bull,6.0,0.7576,0.8065,1
2026-05,hadjar,5,red_bull,7.0,0.708,0.6773,1
2026-05,leclerc,5,ferrari,8.0,0.6529,0.7701,1
2026-05,arvid_lindblad,5,rb,9.0,0.5933,0.3947,0
2026-05,colapinto,5,alpine,10.0,0.5308,0.5076,1
2026-05,hulkenberg,5,audi,11.0,0.4674,0.2764,0
2026-05,lawson,5,rb,12.0,0.405,0.2113,1
2026-05,bortoleto,5,audi,13.0,0.3456,0.3169,0
2026-05,gasly,5,alpine,14.0,0.2906,0.3193,1
2026-05,sainz,5,williams,15.0,0.2411,0.107,1
2026-05,bearman,5,haas,16.0,0.1977,0.1174,1
2026-05,ocon,5,haas,17.0,0.1605,0.1005,0
2026-05,albon,5,williams,18.0,0.1291,0.0244,0
2026-05,alonso,5,aston_martin,19.0,0.1031,0.0479,0
2026-05,perez,5,cadillac,20.0,0.0819,0.0249,0
2026-05,bottas,5,cadillac,22.0,0.0647,0.0458,0
2026-05,stroll,5,aston_martin,21.0,0.0509,0.0258,0
2026-06,antonelli,6,mercedes,1.0,0.9164,0.9588,1
2026-06,max_verstappen,6,red_bull,2.0,0.895,0.8895,0
2026-06,hamilton,6,ferrari,3.0,0.8687,0.906,1
2026-06,leclerc,6,ferrari,4.0,0.8372,0.8809,0
2026-06,hadjar,6,red_bull,5.0,0.7998,0.7976,1
2026-06,russell,6,mercedes,6.0,0.7563,0.8813,0
2026-06,piastri,6,mclaren,7.0,0.7068,0.7856,1
2026-06,norris,6,mclaren,8.0,0.6519,0.6768,0
2026-06,gasly,6,alpine,9.0,0.5927,0.6131,1
2026-06,lawson,6,rb,10.0,0.5306,0.3352,1
2026-06,albon,6,williams,11.0,0.4676,0.2347,1
2026-06,sainz,6,williams,12.0,0.4056,0.3829,0
2026-06,hulkenberg,6,audi,13.0,0.3464,0.2293,0
2026-06,colapinto,6,alpine,14.0,0.2917,0.3459,0
2026-06,arvid_lindblad,6,rb,15.0,0.2424,0.1622,1
2026-06,bortoleto,6,audi,16.0,0.1991,0.1903,0
2026-06,ocon,6,haas,17.0,0.1618,0.1875,1
2026-06,perez,6,cadillac,18.0,0.1304,0.026,0
2026-06,bearman,6,haas,19.0,0.1044,0.0674,0
2026-06,bottas,6,cadillac,20.0,0.083,0.0139,0
2026-06,alonso,6,aston_martin,21.0,0.0657,0.047,1
2026-06,stroll,6,aston_martin,22.0,0.0518,0.0405,0
2026-07,russell,7,mercedes,1.0,0.9151,0.9072,1
2026-07,hamilton,7,ferrari,2.0,0.8935,0.8927,1
2026-07,antonelli,7,mercedes,3.0,0.8672,0.9604,0
2026-07,norris,7,mclaren,4.0,0.8355,0.9381,1
2026-07,max_verstappen,7,red_bull,5.0,0.7982,0.8391,1
2026-07,hadjar,7,red_bull,6.0,0.7548,0.7859,1
2026-07,piastri,7,mclaren,7.0,0.7055,0.8359,1
2026-07,lawson,7,rb,8.0,0.6509,0.5435,1
2026-07,hulkenberg,7,audi,9.0,0.592,0.5704,0
2026-07,leclerc,7,ferrari,10.0,0.5304,0.7405,0
2026-07,arvid_lindblad,7,rb,11.0,0.4678,0.4175,1
2026-07,bortoleto,7,audi,12.0,0.4062,0.3273,0
2026-07,colapinto,7,alpine,13.0,0.3474,0.4192,1
2026-07,gasly,7,alpine,14.0,0.293,0.4089,1
2026-07,bearman,7,haas,15.0,0.2439,0.2699,0
2026-07,sainz,7,williams,16.0,0.2007,0.2676,0
2026-07,ocon,7,haas,17.0,0.1634,0.1285,0
2026-07,albon,7,williams,18.0,0.132,0.0796,0
2026-07,perez,7,cadillac,19.0,0.1058,0.0259,0
2026-07,bottas,7,cadillac,20.0,0.0843,0.062,0
2026-07,stroll,7,aston_martin,21.0,0.0669,0.1174,0
2026-07,alonso,7,aston_martin,22.0,0.0528,0.0223,0
2026-08,russell,8,mercedes,1.0,0.9152,0.9134,1
2026-08,leclerc,8,ferrari,2.0,0.8936,0.8926,1
2026-08,hamilton,8,ferrari,3.0,0.8673,0.8992,1
2026-08,antonelli,8,mercedes,4.0,0.8357,0.9007,1
2026-08,max_verstappen,8,red_bull,5.0,0.7983,0.8426,1
2026-08,norris,8,mclaren,6.0,0.7549,0.8367,1
2026-08,piastri,8,mclaren,7.0,0.7056,0.8418,1
2026-08,hadjar,8,red_bull,8.0,0.6509,0.7436,1
2026-08,lawson,8,rb,9.0,0.592,0.5462,1
2026-08,arvid_lindblad,8,rb,10.0,0.5303,0.6502,1
2026-08,gasly,8,alpine,11.0,0.4677,0.5534,0
2026-08,bortoleto,8,audi,12.0,0.4061,0.3176,0
2026-08,bearman,8,haas,13.0,0.3473,0.2636,0
2026-08,hulkenberg,8,audi,14.0,0.2928,0.208,0
2026-08,ocon,8,haas,15.0,0.2437,0.1256,0
2026-08,colapinto,8,alpine,16.0,0.2004,0.3098,0
2026-08,sainz,8,williams,17.0,0.1632,0.139,0
2026-08,albon,8,williams,18.0,0.1318,0.1794,0
2026-08,perez,8,cadillac,19.0,0.1056,0.0233,0
2026-08,bottas,8,cadillac,20.0,0.0842,0.0424,0
2026-08,alonso,8,aston_martin,21.0,0.0668,0.0264,0
2026-08,stroll,8,aston_martin,22.0,0.0527,0.0594,0
2026-09,antonelli,9,mercedes,1.0,0.9162,0.9011,0
2026-09,leclerc,9,ferrari,2.0,0.8947,0.8906,1
2026-09,hamilton,9,ferrari,3.0,0.8684,0.8927,1
2026-09,russell,9,mercedes,4.0,0.8368,0.8964,1
2026-09,hadjar,9,red_bull,5.0,0.7994,0.861,1
2026-09,norris,9,mclaren,6.0,0.756,0.8232,1
2026-09,max_verstappen,9,red_bull,7.0,0.7065,0.819,0
2026-09,piastri,9,mclaren,8.0,0.6516,0.771,0
2026-09,arvid_lindblad,9,rb,9.0,0.5925,0.708,1
2026-09,lawson,9,rb,10.0,0.5305,0.6335,1
2026-09,bortoleto,9,audi,11.0,0.4675,0.3056,1
2026-09,hulkenberg,9,audi,13.0,0.4056,0.2191,0
2026-09,bearman,9,haas,14.0,0.3465,0.171,0
2026-09,sainz,9,williams,15.0,0.2918,0.2599,0
2026-09,gasly,9,alpine,12.0,0.2425,0.5715,1
2026-09,albon,9,williams,16.0,0.1992,0.1292,0
2026-09,ocon,9,haas,17.0,0.162,0.1138,0
2026-09,bottas,9,cadillac,18.0,0.1306,0.0665,0
2026-09,colapinto,9,alpine,19.0,0.1046,0.188,1
2026-09,perez,9,cadillac,20.0,0.0832,0.0364,0
2026-09,alonso,9,aston_martin,22.0,0.0659,0.0315,0
2026-09,stroll,9,aston_martin,21.0,0.052,0.0536,0
2026-10,antonelli,10,mercedes,1.0,0.9156,0.9034,1
2026-10,max_verstappen,10,red_bull,2.0,0.8941,0.9076,1
2026-10,russell,10,mercedes,4.0,0.8678,0.9034,0
2026-10,leclerc,10,ferrari,5.0,0.8362,0.8926,1
2026-10,hamilton,10,ferrari,6.0,0.7988,0.8864,1
2026-10,piastri,10,mclaren,7.0,0.7553,0.8052,1
2026-10,arvid_lindblad,10,rb,8.0,0.7059,0.5715,1
2026-10,bortoleto,10,audi,9.0,0.6512,0.5542,1
2026-10,lawson,10,rb,11.0,0.5922,0.524,0
2026-10,gasly,10,alpine,12.0,0.5303,0.6184,0
2026-10,colapinto,10,alpine,13.0,0.4675,0.4829,1
2026-10,hulkenberg,10,audi,14.0,0.4058,0.1199,0
2026-10,norris,10,mclaren,3.0,0.3469,0.839,1
2026-10,bearman,10,haas,16.0,0.2923,0.1833,0
2026-10,albon,10,williams,17.0,0.2431,0.0828,0
2026-10,ocon,10,haas,18.0,0.1999,0.1003,0
2026-10,bottas,10,cadillac,19.0,0.1627,0.1445,0
2026-10,perez,10,cadillac,20.0,0.1312,0.0326,0
2026-10,sainz,10,williams,15.0,0.1051,0.1173,0
2026-10,stroll,10,aston_martin,22.0,0.0837,0.0518,0
2026-10,hadjar,10,red_bull,10.0,0.0663,0.7037,1
2026-10,alonso,10,aston_martin,21.0,0.0524,0.0225,0
2026-11,norris,11,mclaren,1.0,0.9153,0.9047,1
2026-11,leclerc,11,ferrari,3.0,0.8937,0.8835,1
2026-11,piastri,11,mclaren,5.0,0.8674,0.8807,0
2026-11,max_verstappen,11,red_bull,6.0,0.8358,0.8702,1
2026-11,hamilton,11,ferrari,2.0,0.7984,0.9171,1
2026-11,russell,11,mercedes,7.0,0.755,0.8344,1
2026-11,antonelli,11,mercedes,4.0,0.7056,0.8848,1
2026-11,hadjar,11,red_bull,8.0,0.6509,0.7582,1
2026-11,arvid_lindblad,11,rb,9.0,0.592,0.6404,1
2026-11,hulkenberg,11,audi,10.0,0.5302,0.1474,1
2026-11,lawson,11,rb,11.0,0.4675,0.4316,1
2026-11,gasly,11,alpine,12.0,0.4058,0.4726,0
2026-11,colapinto,11,alpine,13.0,0.347,0.5265,0
2026-11,bortoleto,11,audi,14.0,0.2925,0.1673,0
2026-11,ocon,11,haas,15.0,0.2433,0.127,0
2026-11,alonso,11,aston_martin,16.0,0.2001,0.0583,0
2026-11,bearman,11,haas,17.0,0.1629,0.0444,0
2026-11,sainz,11,williams,18.0,0.1315,0.0312,0
2026-11,albon,11,williams,19.0,0.1054,0.014,0
2026-11,stroll,11,aston_martin,20.0,0.084,0.0428,0
2026-11,bottas,11,cadillac,21.0,0.0666,0.0376,0
2026-11,perez,11,cadillac,22.0,0.0526,0.0189,0
2026-12,norris,12,mclaren,1.0,0.9159,0.8607,1
2026-12,russell,12,mercedes,2.0,0.8944,0.7859,1
2026-12,antonelli,12,mercedes,3.0,0.8681,0.7859,1
2026-12,piastri,12,mclaren,4.0,0.8365,0.8765,1
2026-12,hamilton,12,ferrari,5.0,0.7991,0.8509,1
2026-12,leclerc,12,ferrari,6.0,0.7556,0.8169,1
2026-12,max_verstappen,12,red_bull,7.0,0.7062,0.8066,0
2026-12,lawson,12,red_bull,8.0,0.6514,0.7203,1
2026-12,bortoleto,12,audi,9.0,0.5922,0.5315,0
2026-12,arvid_lindblad,12,rb,10.0,0.5303,0.6608,0
2026-12,gasly,12,alpine,11.0,0.4674,0.5084,1
2026-12,tsunoda,12,rb,12.0,0.4055,0.6166,0
2026-12,hulkenberg,12,audi,13.0,0.3465,0.1456,1
2026-12,colapinto,12,alpine,14.0,0.2919,0.4038,0
2026-12,ocon,12,haas,15.0,0.2427,0.0976,0
2026-12,albon,12,williams,16.0,0.1994,0.0864,0
2026-12,sainz,12,williams,17.0,0.1622,0.0982,0
2026-12,alonso,12,aston_martin,18.0,0.1308,0.1387,1
2026-12,stroll,12,aston_martin,19.0,0.1047,0.0459,0
2026-12,bearman,12,haas,20.0,0.0834,0.0425,0
2026-12,bottas,12,cadillac,21.0,0.066,0.0363,0
2026-12,perez,12,cadillac,22.0,0.0521,0.0317,0
2026-13,gasly,13,alpine,1.0,0.916,0.8499,1
2026-13,russell,13,mercedes,2.0,0.8945,0.8863,1
2026-13,leclerc,13,ferrari,4.0,0.8682,0.8721,0
2026-13,hamilton,13,ferrari,5.0,0.8366,0.8559,1
2026-13,max_verstappen,13,red_bull,6.0,0.7992,0.8627,1
2026-13,piastri,13,mclaren,3.0,0.7557,0.8821,1
2026-13,colapinto,13,alpine,8.0,0.7063,0.6647,1
2026-13,norris,13,mclaren,9.0,0.6514,0.7917,1
2026-13,arvid_lindblad,13,rb,10.0,0.5922,0.6985,1
2026-13,bortoleto,13,audi,11.0,0.5302,0.4685,0
2026-13,bearman,13,haas,12.0,0.4673,0.1889,0
2026-13,hulkenberg,13,audi,13.0,0.4054,0.4421,0
2026-13,sainz,13,williams,15.0,0.3464,0.2581,0
2026-13,ocon,13,haas,16.0,0.2917,0.1619,0
2026-13,tsunoda,13,rb,17.0,0.2425,0.4165,1
2026-13,bottas,13,cadillac,19.0,0.1992,0.0558,0
2026-13,perez,13,cadillac,20.0,0.162,0.0321,0
2026-13,stroll,13,aston_martin,22.0,0.1306,0.0287,0
2026-13,antonelli,13,mercedes,7.0,0.1046,0.7552,1
2026-13,albon,13,williams,18.0,0.0832,0.1749,0
2026-13,alonso,13,aston_martin,21.0,0.0659,0.0207,0
2026-13,lawson,13,red_bull,14.0,0.052,0.5729,0
2026-14,norris,14,mclaren,1.0,0.9159,0.928,1
2026-14,antonelli,14,mercedes,2.0,0.8944,0.9027,1
2026-14,max_verstappen,14,red_bull,3.0,0.8681,0.9117,1
2026-14,hamilton,14,ferrari,4.0,0.8365,0.8776,0
2026-14,leclerc,14,ferrari,5.0,0.7991,0.8667,1
2026-14,russell,14,mercedes,6.0,0.7556,0.8594,1
2026-14,piastri,14,mclaren,7.0,0.7061,0.8399,1
2026-14,lawson,14,red_bull,8.0,0.6513,0.7372,1
2026-14,colapinto,14,alpine,9.0,0.5922,0.599,1
2026-14,arvid_lindblad,14,rb,10.0,0.5302,0.5524,1
2026-14,hulkenberg,14,audi,11.0,0.4673,0.408,1
2026-14,bortoleto,14,audi,12.0,0.4055,0.3542,0
2026-14,ocon,14,haas,13.0,0.3465,0.0864,0
2026-14,gasly,14,alpine,14.0,0.2918,0.2828,0
2026-14,tsunoda,14,rb,15.0,0.2426,0.2475,0
2026-14,albon,14,williams,16.0,0.1993,0.0894,0
2026-14,alonso,14,aston_martin,18.0,0.1622,0.0414,0
2026-14,perez,14,cadillac,19.0,0.1308,0.0486,0
2026-14,bottas,14,cadillac,20.0,0.1047,0.0266,0
2026-14,sainz,14,williams,17.0,0.0833,0.0171,0
2026-15,russell,15,mercedes,1.0,0.9164,0.8909,1
2026-15,leclerc,15,ferrari,2.0,0.8949,0.8368,1
2026-15,piastri,15,mclaren,3.0,0.8687,0.8511,0
2026-15,hadjar,15,red_bull,4.0,0.8371,0.8281,1
2026-15,norris,15,mclaren,5.0,0.7997,0.8541,0
2026-15,hamilton,15,ferrari,6.0,0.7562,0.8377,1
2026-15,gasly,15,alpine,7.0,0.7067,0.725,0
2026-15,max_verstappen,15,red_bull,8.0,0.6517,0.7556,1
2026-15,colapinto,15,alpine,10.0,0.5924,0.5436,0
2026-15,bearman,15,haas,11.0,0.5303,0.2226,1
2026-15,lawson,15,rb,12.0,0.4672,0.5092,0
2026-15,albon,15,williams,13.0,0.4052,0.1661,0
2026-15,ocon,15,haas,14.0,0.346,0.1087,1
2026-15,sainz,15,williams,9.0,0.2913,0.2448,1
2026-15,arvid_lindblad,15,rb,15.0,0.242,0.305,1
2026-15,antonelli,15,mercedes,16.0,0.1987,0.6734,1
2026-15,bortoleto,15,audi,17.0,0.1615,0.1768,0
2026-15,hulkenberg,15,audi,18.0,0.1302,0.1773,0
2026-15,bottas,15,cadillac,22.0,0.1041,0.0214,0
2026-15,perez,15,cadillac,20.0,0.0828,0.0827,0
2026-15,alonso,15,aston_martin,19.0,0.0655,0.0237,0
2026-15,stroll,15,aston_martin,21.0,0.0517,0.028,0
2026-16,max_verstappen,16,red_bull,1.0,0.9156,0.8974,1
2026-16,hamilton,16,ferrari,2.0,0.8941,0.8649,1
2026-16,antonelli,16,mercedes,4.0,0.8678,0.9021,1
2026-16,leclerc,16,ferrari,5.0,0.8362,0.8291,1
2026-16,norris,16,mclaren,6.0,0.7987,0.8249,1
2026-16,piastri,16,mclaren,7.0,0.7553,0.8106,1
2026-16,russell,16,mercedes,8.0,0.7059,0.7993,0
2026-16,hadjar,16,red_bull,3.0,0.6511,0.8476,1
2026-16,gasly,16,alpine,9.0,0.592,0.5869,0
2026-16,bortoleto,16,audi,10.0,0.5301,0.4351,0
2026-16,lawson,16,rb,11.0,0.4673,0.5125,1
2026-16,alonso,16,aston_martin,12.0,0.4055,0.3236,1
2026-16,sainz,16,williams,13.0,0.3466,0.1625,0
2026-16,stroll,16,aston_martin,14.0,0.292,0.2212,0
2026-16,hulkenberg,16,audi,17.0,0.2429,0.1344,0
2026-16,bearman,16,haas,18.0,0.1996,0.0861,0
2026-16,ocon,16,haas,19.0,0.1624,0.0815,0
2026-16,albon,16,williams,20.0,0.1311,0.0309,0
2026-16,bottas,16,cadillac,21.0,0.105,0.0229,0
2026-16,perez,16,cadillac,22.0,0.0836,0.045,0
2026-16,colapinto,16,alpine,15.0,0.0662,0.349,0
2026-16,arvid_lindblad,16,rb,16.0,0.0523,0.2741,1
